{
    "Diffusivity": {
        "acetone": 1.2545222105203114e-08,
        "units": "m^2/s"
    },
    "MSD": {
        "acetone": [
            0.0,
            4.316962385583424,
            10.144469510033765,
            16.41046419722824,
            22.869405157680866,
            29.44428125753617,
            36.45785946313865,
            43.75067029532461,
            51.229941270650585,
            58.707225613157,
            65.99540023902173,
            73.65208024956475,
            81.01265008361513,
            88.52596851139523,
            96.0531017745171
        ],
        "time": [
            0.0,
            1000.0,
            2000.0,
            3000.0,
            4000.0,
            5000.0,
            6000.0,
            7000.0,
            8000.0,
            9000.0,
            10000.0,
            11000.0,
            12000.0,
            13000.0,
            14000.0
        ],
        "units": "Angstroms^2, fs"
    },
    "RDF": {
        "acetone-acetone": [
            0.0,
            0.0,
            0.0,
            0.0,
            0.0,
            0.0,
            0.0,
            0.0,
            0.0,
            0.0,
            0.0,
            0.0,
            0.0,
            0.0,
            0.0,
            0.0,
            0.0,
            0.0,
            0.0,
            0.0,
            0.0,
            0.0,
            0.0,
            0.0,
            0.0,
            0.0,
            0.0,
            0.0,
            0.0,
            0.0,
            0.0,
            0.0,
            0.0,
            0.0,
            0.010691120471179576,
            0.0252635466381076,
            0.12436529839556956,
            0.2766253383687306,
            0.3788635065066267,
            0.5525137649754134,
            0.7479332346286249,
            1.017141322605279,
            1.2749551454273105,
            1.5728123704534263,
            1.7591512795047086,
            1.9248816736803591,
            2.0809934470780616,
            2.1827704295324972,
            2.5473230918575824,
            2.4647843690280955,
            2.5830708889277303,
            2.617871487786201,
            2.571302011862952,
            2.56003939266157,
            2.545723661286165,
            2.3867091208121596,
            2.329900846296922,
            2.067273064355094,
            2.0598681014117357,
            1.9572174851474724,
            1.7070308922170296,
            1.7631379249995844,
            1.4848778432193857,
            1.4452327648662429,
            1.346859765631058,
            1.3439371652906698,
            1.2501454164241592,
            1.175410547044965,
            1.1099532051876024,
            1.1519682307695993,
            1.0586934537208799,
            1.1166487614043559,
            1.0825787662327622,
            1.1910368961729547,
            1.0384166523429266,
            1.0928968286371161,
            1.1475283233011964,
            1.1236747181616997,
            1.1142936369957592,
            1.268735312165764,
            1.2445883519099332,
            1.2163653776707715,
            1.2680283435896431,
            1.3076205506850713,
            1.3232573676612231,
            1.3696913958167007,
            1.4456636495239013,
            1.4544286436451037,
            1.3822467459329635,
            1.363827301711601,
            1.4210017371826704,
            1.4459822540629386,
            1.5225637647554113,
            1.4577329453000525,
            1.425754203002113,
            1.433153631629898,
            1.4350747026345019,
            1.4768473814142193,
            1.3730006834065753,
            1.4046127714041619,
            1.3756524940167065,
            1.3639168168387892,
            1.385089125423015,
            1.376743701023548,
            1.315007817955088,
            1.3060489140038252,
            1.2834667247456346,
            1.2828267570683527,
            1.2957730695642369,
            1.2398496828245333,
            1.2946746448359296,
            1.2022290256409458,
            1.2810464091876053,
            1.228438205724891,
            1.2081572434160968,
            1.1908232552911757,
            1.2006911632975168,
            1.1475064309234329,
            1.2036758904187042,
            1.1941573224900703,
            1.1467707222159669,
            1.1474063316757765,
            1.19028726575736,
            1.1715923748004486,
            1.1495691433358666,
            1.137168948265513,
            1.2301682190123626,
            1.1786480706832274,
            1.1439180888139477,
            1.1841206685179841,
            1.1516114136115163,
            1.1951119087316358,
            1.1590684970659022,
            1.1917955720169637,
            1.198637391427228,
            1.183199412115745,
            1.1478472022742687,
            1.2031370089688416,
            1.158774198836231,
            1.1880507623598304,
            1.1742231147251174,
            1.137608333860197,
            1.1448096658387221,
            1.1529651096966356,
            1.153624019641622,
            1.1593791894899104,
            1.1360830682100973,
            1.111813809454623,
            1.1072636627807297,
            1.1143770632906573,
            1.1002403643093281,
            1.098281953052081,
            1.0873290605655281,
            1.1008651166991987,
            1.0875239143185844,
            1.0709351959491296,
            1.0788548072130475,
            1.0775702120476882,
            1.0627633882012382,
            1.0523340875503937,
            1.0387969607157472,
            1.0272594716947063,
            1.0787744555757168,
            1.0247561798671492,
            1.0554266275249142,
            1.059383499948019,
            1.031237519434909,
            1.0505510740777153,
            1.0619998560548853,
            1.0153281274811543,
            1.0366312012214967,
            1.0268258541036968,
            1.0274606505815034,
            1.0040051856807226,
            0.9964124279139366,
            1.0212710432339385,
            1.0149892948204353,
            1.0197376561652576,
            1.0098063754864146,
            0.9953837375414396,
            0.9866140997074939,
            1.013560921888641,
            1.011704219510986,
            0.991259905306656
        ],