{
    "Diffusivity": {
        "NoctanolN": 1.2119166620219168e-10,
        "units": "m^2/s"
    },
    "MSD": {
        "NoctanolN": [
            0.0,
            0.5378201037000508,
            0.6541781278129687,
            0.6935256322053311,
            0.7341692438535101,
            0.842981176363406,
            0.9034823944462768,
            0.9629881686493111,
            1.026087605106452,
            1.1166416153428773,
            1.1468429308850876,
            1.2052181643573443,
            1.2548584332960049,
            1.3158141863583652,
            1.3885291860796802
        ],
        "time": [
            0.0,
            1000.0,
            2000.0,
            3000.0,
            4000.0,
            5000.0,
            6000.0,
            7000.0,
            8000.0,
            9000.0,
            10000.0,
            11000.0,
            12000.0,
            13000.0,
            14000.0
        ],
        "units": "Angstroms^2, fs"
    },
    "RDF": {
        "NoctanolN-NoctanolN": [
            0.0,
            0.0,
            0.0,
            0.0,
            0.0,
            0.0,
            0.0,
            0.0,
            0.0,
            0.0,
            0.0,
            0.0,
            0.0,
            0.0,
            0.0,
            0.0,
            0.0,
            0.0,
            0.0,
            0.0,
            0.0,
            0.0,
            0.0,
            0.0,
            0.0,
            0.0,
            0.0,
            0.0,
            0.008280284734628166,
            0.0,
            0.021738978548872905,
            0.0,
            0.06394600056769778,
            0.08433570282483739,
            0.11369337896852713,
            0.05373240325480159,
            0.16277503490015569,
            0.18807829571403684,
            0.251811025904159,
            0.4047661937184204,
            0.6089629749481715,
            0.7382174259414782,
            1.0997328733651206,
            1.1006705347714976,
            1.1795337162494048,
            1.2505734383234732,
            1.2199906888751582,
            1.1394627765221366,
            1.2036416395902743,
            1.2311856008501805,
            1.2503102609269543,
            1.1666290370582455,
            1.2048300670863767,
            1.1988296192849066,
            1.1786526824638053,
            1.1102869039895231,
            1.1338281302874698,
            1.1613099340316002,
            1.1042726638684006,
            1.0639015844450717,
            0.933860793187133,
            1.0344130626172023,
            0.9895534836149585,
            0.9180684837363364,
            0.8801482112693731,
            0.8456858575078031,
            0.8749248778052505,
            0.8614289645679819,
            0.7678959709003781,
            0.8100653251507559,
            0.834375432442107,
            0.879868103297376,
            0.8154177039176406,
            0.7490194965327477,
            0.8022204820019274,
            0.7824539353744225,
            0.7845782763530591,
            0.829831789911433,
            0.8357355995681609,
            0.8051800627732019,
            0.8151404582654345,
            0.8875531794737807,
            0.9138049634906875,
            0.8744126194975264,
            0.8915488584339951,
            0.9519091909008022,
            0.9632731241284102,
            0.9756760867868259,
            0.9565113968517419,
            1.0093094627381933,
            1.0906827849273648,
            1.0646329139411674,
            1.0652099488947724,
            1.017447015076117,
            1.0146582927752141,
            1.0170536453572916,
            1.0517000058719812,
            1.0122191137759173,
            1.0480038981928246,
            0.9916336513634938,
            1.0096403376174063,
            0.9859245258808371,
            0.9845960215603194,
            1.0153278098459453,
            1.0276618198988536,
            1.0139413527537615,
            1.066849850295772,
            1.0495729435771244,
            1.0180944958492815,
            1.0819663296054463,
            1.0580377268510122,
            1.0148022302464241,
            1.029642285529053,
            1.003620079408521,
            0.9941400638125126,
            1.0464209833386344,
            1.0489582533623756,
            1.0142504358356506,
            0.9849819985897916,
            1.0358532699460652,
            1.0192781098753612,
            1.01012297218989,
            0.9942252652215042,
            1.0348659580036372,
            1.0014385683657394,
            1.044821098391326,
            1.0150477062895529,
            1.0625792635837228,
            1.0101808052904875,
            1.0387891575889934,
            1.074525326898515,
            1.0670988844734566,
            1.065284915127543,
            1.0831849218572982,
            1.0893588030537908,
            1.0662442428568726,
            1.124939922651456,
            1.091874937670728,
            1.1007297363700255,
            1.0516637554588761,
            1.060267532364371,
            1.0640358888055181,
            1.0529522507679843,
            1.0061392509461597,
            1.0128444287397171,
            1.0091447465551249,
            1.0405780064891559,
            1.0154364481857368,
            1.012516842608997,
            1.0219645183527641,
            0.9602181477991873,
            0.9632984504840734,
            0.9456902972845082,
            0.9525344043747469,
            0.9686888841377765,
            0.9611741318318978,
            0.9517940227546466,
            0.9461999845578111,
            0.9122993100571739,
            0.9313974780187307,
            0.9585490930049735,
            0.9220745743725212,
            0.9291424401430243,
            0.8948027386993541,
            0.9026617440136218,
            0.9471628880428918,
            0.9603236060872932,
            0.9834674665116084,
            0.9645486569436985,
            0.967932909278205,
            0.9811745214838008,
            0.98862972348748,
            0.9884018936089103,
            1.0262952912753023,
            0.997090933553983,
            1.0028781159345692,
            1.0382563633110506,
            1.018711012042239,
            1.0223568661531175,
            0.9921150936966568,
            1.034960778352697,
            1.00154448484849,
            0.9831426920927997,
            0.9881175654121654,
            0.9719704271475548,
            1.0171023945134703,
            1.0383148867265695,
            0.972918931147534
        ],