{
    "Diffusivity": {
        "OctaneO": 9.620966862023738e-11,
        "units": "m^2/s"
    },
    "MSD": {
        "OctaneO": [
            0.0,
            0.7877467718128907,
            0.9990161071620662,
            1.0439688976533692,
            1.1362299089318213,
            1.2545525050457864,
            1.3744510658249571,
            1.417309468216727,
            1.5098240064145023,
            1.5943299320418949,
            1.6433609768239406,
            1.7053871444396622,
            1.7791011973586919,
            1.814208556771091,
            1.8719343579432335
        ],
        "time": [
            0.0,
            1000.0,
            2000.0,
            3000.0,
            4000.0,
            5000.0,
            6000.0,
            7000.0,
            8000.0,
            9000.0,
            10000.0,
            11000.0,
            12000.0,
            13000.0,
            14000.0
        ],
        "units": "Angstroms^2, fs"
    },
    "RDF": {
        "OctaneO-OctaneO": [
            0.0,
            0.0,
            0.0,
            0.0,
            0.0,
            0.0,
            0.0,
            0.0,
            0.0,
            0.0,
            0.0,
            0.0,
            0.0,
            0.0,
            0.0,
            0.0,
            0.0,
            0.0,
            0.0,
            0.0,
            0.0,
            0.0,
            0.0,
            0.0,
            0.0,
            0.0,
            0.0,
            0.0,
            0.0,
            0.0,
            0.0,
            0.0,
            0.0,
            0.012047957546405341,
            0.0,
            0.010746480650960318,
            0.061040638087558385,
            0.1350305712818726,
            0.1510866155424954,
            0.24373018116378,
            0.36454926391455167,
            0.42635017113197676,
            0.5423340197417034,
            0.6798259185353368,
            0.8184519663771381,
            0.9017292686858729,
            0.8637660174464944,
            0.9430036771217681,
            1.0180197963763524,
            1.1392645039541263,
            1.1217987137652974,
            1.1099715562298096,
            1.0907926533292298,
            1.1367388421904692,
            1.1602362343003083,
            1.0192433778623822,
            1.1102513638731746,
            1.0764370155016616,
            1.0482588330924674,
            1.005870588929886,
            1.0124623028341462,
            1.0434709703458993,
            0.9930625385213946,
            0.9639719079231533,
            1.0548592794239677,
            0.9703805586148138,
            1.0579765366368454,
            0.9984744816583426,
            1.0106973636041165,
            0.9678148884695873,
            1.00981529985957,
            0.9188240956571072,
            1.0179653707561571,
            0.9486732502774698,
            0.9284959282429716,
            0.881315603634365,
            0.8832378200860785,
            0.9339899869899716,
            0.959589606980799,
            0.9444544520096475,
            0.9127874923284813,
            0.9269079295554652,
            0.9825425049921994,
            0.8852687581143128,
            0.9291384859787798,
            0.965090920547302,
            0.9752335354117619,
            0.9711798836219098,
            1.0162933591549757,
            0.9826581907238118,
            1.0385452886548152,
            1.0679238966735976,
            1.0998312851022365,
            1.0734026603669027,
            1.0455224233539278,
            1.0835474943851087,
            1.0628016948854082,
            1.0999544381074975,
            1.1623961880972615,
            1.0710200532282679,
            1.0820013083999926,
            1.1084120942692914,
            1.111937107015454,
            1.129286606512231,
            1.085771769149434,
            1.112484552685209,
            1.0777981383831858,
            1.0931558928837968,
            1.0954626440658073,
            1.0468599752937802,
            1.0552117713839955,
            1.0603239933099946,
            1.0569103545314116,
            0.9934392030023482,
            0.9894010486778132,
            1.0169224689715217,
            1.0138573224787655,
            0.9522351231908672,
            0.9697376441433196,
            0.9681504418450152,
            0.9641048664103393,
            0.9170176125484873,
            0.9113731597863789,
            0.9682903361977139,
            0.9724694954045587,
            0.9698150497662559,
            0.9787805827981353,
            0.9507959250547151,
            0.9980452446635513,
            0.9617349836623207,
            0.9730784493590028,
            0.9575913585012742,
            0.9826131367917026,
            1.0067841235737724,
            0.975493870289838,
            0.9536711395326478,
            0.9628031330080897,
            0.9840038369966273,
            0.990080087036169,
            0.9422338782016687,
            0.9649940705860067,
            1.0063617591623757,
            0.9865467886399903,
            0.9671832585864286,
            0.9923093225978393,
            0.9999974325688693,
            0.978704058751182,
            0.975696449430816,
            0.971112808152867,
            0.9777062124398491,
            1.0051138436409432,
            0.9747519364410179,
            0.9742484188759875,
            0.9816037342246544,
            1.0141958125667505,
            1.016687017088042,
            1.0097096578584468,
            1.0190060564828076,
            1.0456184121307466,
            1.0274206409102646,
            1.0369953752800443,
            1.0186602276305348,
            1.0193046402584547,
            1.0478202209248513,
            0.9886051687766075,
            1.049258354096608,
            1.002771607396404,
            0.993089953012851,
            1.017945056304333,
            0.9982937622951464,
            1.0057038845208959,
            1.0171116750450955,
            1.0300506551333912,
            1.0069746268945032,
            0.9702592961174107,
            0.9943353299212284,
            1.0042479660542338,
            0.9881606710122774,
            0.9565035220960609,
            1.0114587588683854,
            1.0015886604226554,
            0.9925045157367173,
            0.9839744540996465,
            0.9817412863680819,
            0.9888583370184459,
            0.9569176298272387,
            0.9907204759234144,
            0.9709486619471542
        ],