{
    "Diffusivity": {
        "diEther": 8.77570562357891e-09,
        "units": "m^2/s"
    },
    "MSD": {
        "diEther": [
            0.0,
            3.962396751775628,
            9.646793691723351,
            15.730836086709777,
            22.036664453758704,
            28.457863247201878,
            34.77776347907793,
            40.867171590378426,
            46.61571531480237,
            52.31468247896011,
            57.797908836034814,
            63.17264921493744,
            68.71304316700066,
            74.19442084188344,
            79.45984421603079
        ],
        "time": [
            0.0,
            1000.0,
            2000.0,
            3000.0,
            4000.0,
            5000.0,
            6000.0,
            7000.0,
            8000.0,
            9000.0,
            10000.0,
            11000.0,
            12000.0,
            13000.0,
            14000.0
        ],
        "units": "Angstroms^2, fs"
    },
    "RDF": {
        "diEther-diEther": [
            0.0,
            0.0,
            0.0,
            0.0,
            0.0,
            0.0,
            0.0,
            0.0,
            0.0,
            0.0,
            0.0,
            0.0,
            0.0,
            0.0,
            0.0,
            0.0,
            0.0,
            0.0,
            0.0,
            0.0,
            0.0,
            0.0,
            0.0,
            0.0,
            0.0,
            0.0,
            0.0,
            0.0,
            0.0,
            0.0,
            0.0,
            0.0,
            0.0,
            0.011329258284770747,
            0.005345560235589788,
            0.02021083731048608,
            0.03826624566017525,
            0.07709230741423641,
            0.1463790820593785,
            0.2291908951009122,
            0.3856530741053847,
            0.512282855910688,
            0.7083084141262835,
            0.9098635003268207,
            1.0930020817510875,
            1.148120741053719,
            1.1709293612476273,
            1.1993868766441587,
            1.2163876862617578,
            1.1970313035556213,
            1.316711573985578,
            1.2592906324225943,
            1.2611735162446576,
            1.3473891540324054,
            1.3291448367599537,
            1.4554122985180011,
            1.4309944644211199,
            1.4385261719005786,
            1.4390859338629935,
            1.3605935677419232,
            1.4025810526772913,
            1.3457767736711805,
            1.338039923167691,
            1.4116598798416953,
            1.2585156843411036,
            1.2537400401033765,
            1.288072815288836,
            1.2193114228984516,
            1.2942577027032638,
            1.225469684008959,
            1.2028836050865457,
            1.0648584907962353,
            1.0752059256000759,
            1.094175461845636,
            1.1059370176297985,
            1.0214730732386323,
            1.0768432292768686,
            1.0590957113707975,
            1.0314036206843986,
            0.9986174715111175,
            1.0429790118250843,
            1.0030875412337026,
            0.9999743759042763,
            1.0152852253012548,
            0.9679718278508126,
            1.028817971518427,
            0.9776181471944994,
            0.9470698144665792,
            0.9846027956974639,
            1.0186262004484985,
            1.0248292996041963,
            1.0467704600038288,
            1.0705644770582554,
            1.0708815993688743,
            1.0499065301496477,
            1.0409370700732774,
            1.050207432723309,
            1.1052491252412047,
            1.0930555318993467,
            1.0320138590829646,
            1.0758719458572097,
            1.0511034075315082,
            1.088813376669429,
            1.0837164577098288,
            1.0899003369230291,
            1.0426245011837765,
            1.0712714685599705,
            1.0863325054386268,
            1.0659400750902739,
            1.0618005577048164,
            1.092182428217502,
            1.0242176935768716,
            1.0620685001711492,
            1.0712303631546836,
            1.021487046380085,
            1.0058976986869066,
            1.0313506566013728,
            1.0092413117875765,
            1.0372051564383993,
            1.0268115895592456,
            1.00901511283901,
            1.0286180994854164,
            1.0374976640074152,
            1.0016667631881697,
            1.0133642685330388,
            0.9928058246191837,
            1.0235161980627612,
            1.0267707336674166,
            1.0124875275260707,
            1.01634440887522,
            1.0153870018622415,
            1.0218582641010434,
            1.0676312825097611,
            0.9722542824348915,
            1.0297646174551665,
            1.0437079194845051,
            1.056089204037754,
            1.0105800712659119,
            1.0255778665336166,
            1.0397114658222137,
            1.026992334281323,
            1.0538221648233912,
            1.0151179414569929,
            1.0399107384911042,
            0.9969628744257107,
            1.0383417224366447,
            1.0033531712039563,
            0.9943244770761163,
            1.027330670608759,
            1.0267752100520864,
            1.0181028690881149,
            1.0098525416063393,
            1.0109614676829994,
            0.9868301798552637,
            1.0231991915669088,
            0.9832153783914872,
            0.997030803120061,
            1.0028118112605433,
            0.9943818297110781,
            1.0027101660664908,
            0.9733668992309761,
            0.9863387640537221,
            1.0068068656675357,
            0.9979747163876085,
            0.9681158103436144,
            1.0054400153163006,
            0.992026074593008,
            0.9809474251768066,
            1.014769292508403,
            0.9958418032313486,
            0.986691957783952,
            0.9984935175386453,
            0.9885151659555436,
            1.00616805768779,
            1.0122352862112822,
            1.0054160798221095,
            1.0235590149785156,
            0.987289579145001,
            1.007353900986144,
            0.9727475997536952,
            0.9936099452281103,
            1.0003156358019356,
            1.0091622491102048,
            0.987584990535763
        ],