{
    "Diffusivity": {
        "benzene": 8.338474922622426e-09,
        "units": "m^2/s"
    },
    "MSD": {
        "benzene": [
            0.0,
            3.51758733871631,
            8.093716290310354,
            12.667539116598018,
            17.130002573900217,
            21.465257524060604,
            25.886770551517323,
            30.372664013936912,
            35.018576835022564,
            39.66489633846399,
            44.31060287650992,
            49.150355101904935,
            54.18097788304804,
            59.428548314864905,
            64.43163326843836
        ],
        "time": [
            0.0,
            1000.0,
            2000.0,
            3000.0,
            4000.0,
            5000.0,
            6000.0,
            7000.0,
            8000.0,
            9000.0,
            10000.0,
            11000.0,
            12000.0,
            13000.0,
            14000.0
        ],
        "units": "Angstroms^2, fs"
    },
    "RDF": {
        "benzene-benzene": [
            0.0,
            0.0,
            0.0,
            0.0,
            0.0,
            0.0,
            0.0,
            0.0,
            0.0,
            0.0,
            0.0,
            0.0,
            0.0,
            0.0,
            0.0,
            0.0,
            0.0,
            0.0,
            0.0,
            0.0,
            0.0,
            0.0,
            0.0,
            0.0,
            0.0,
            0.0,
            0.0,
            0.0,
            0.0,
            0.0,
            0.0,
            0.0,
            0.0,
            0.0,
            0.0,
            0.0,
            0.01434984212256572,
            0.03627873290081713,
            0.06457900679090228,
            0.05320502921985462,
            0.11686456791072264,
            0.1744731465782778,
            0.17353556146093946,
            0.2875033365344973,
            0.4624239576639216,
            0.5601343777108441,
            0.7203438855270213,
            1.026015787840145,
            1.2763888725796022,
            1.474679702192155,
            1.7673642924242363,
            1.9034662251618446,
            2.0234724807770106,
            2.2793333189048193,
            2.1517426184680684,
            2.3031847421310694,
            2.2996685688795746,
            2.3067029955374636,
            2.323230233099081,
            2.206417109185766,
            2.238498242165012,
            2.1481322931637448,
            2.1101764016417714,
            1.9328389521275307,
            1.7963296528957378,
            1.6536139617670433,
            1.5710695606637333,
            1.46005816144983,
            1.320390429962947,
            1.2642249957169849,
            1.0937667337827985,
            1.083806150774816,
            0.9818166109193837,
            1.0128596898177638,
            0.9441209697871226,
            0.866154748007009,
            0.8250275818152008,
            0.831992870822791,
            0.8488357366568449,
            0.8257011265465899,
            0.8962633039415558,
            0.8677194167371156,
            0.8459859263828954,
            0.8872145113235829,
            0.9144977287466947,
            0.9686117563176928,
            0.9075410941655131,
            0.9775113442172907,
            1.0366850594497226,
            0.9943731956759153,
            1.0493429634064573,
            1.0862274396492058,
            1.1258340717012911,
            1.1116417986528107,
            1.1855889911987039,
            1.150359806449581,
            1.1928797479706772,
            1.255252091035816,
            1.2179952534550789,
            1.22649870435431,
            1.271018169926775,
            1.3009764930345074,
            1.2511477973406648,
            1.3337582996283535,
            1.2722433360703698,
            1.26758428735311,
            1.2668800335613104,
            1.2991077093462442,
            1.2643570487368607,
            1.2890973131767953,
            1.218142153515579,
            1.224154175044732,
            1.2328404994743807,
            1.203748512500724,
            1.1784484587419304,
            1.1815769774609624,
            1.1672057523689008,
            1.140452088110379,
            1.1754683493831524,
            1.1591420468496532,
            1.08817986238356,
            1.091971823320275,
            1.0989597700937952,
            1.060863906080668,
            1.0833526195855687,
            1.067049716780153,
            1.053559910342271,
            1.0211752528299918,
            1.019177106992819,
            1.0585790793164702,
            1.0325581462003852,
            1.026368120360408,
            1.0176554769831252,
            1.0218516501810075,
            1.0351541740712962,
            1.0260059534145507,
            1.0020112963318235,
            1.0092046645680337,
            1.0042257827293806,
            1.0407137583663868,
            0.9937254241586758,
            1.0180993795751405,
            1.0074325059380755,
            1.0572794268048031,
            1.0430580026403329,
            1.0641466646510465,
            1.087294224790032,
            1.046043699726197,
            1.0585959738199358,
            1.0672292220127555,
            1.0571612584240764,
            1.070506048174893,
            1.1018752687336288,
            1.0437095914529648,
            1.0839806033195514,
            1.0429509596730717,
            1.0382084675175056,
            1.0804556240078937,
            1.0441138722493764,
            1.0497761534532855,
            1.0771960701585472,
            1.0519616061853005,
            1.0376149092926132,
            1.0430162686031996,
            1.0340198431471301,
            1.0848106050387407,
            1.0197323649603394,
            1.055655341663782,
            1.0299014148097032,
            1.0198598307950626,
            1.0008003539120476,
            0.9905250478797246,
            1.0060187545514807,
            1.0161172689203004,
            1.0036823898343386,
            0.9777227437294485,
            0.961062763093979,
            0.9802626070514423,
            0.9822160373583705,
            0.9763855504695826,
            0.9798181354874667,
            0.955637506613944,
            0.9855023707644703,
            0.9583790889355084
        ],