{
    "Diffusivity": {
        "Coctane": 1.347395504528624e-11,
        "units": "m^2/s"
    },
    "MSD": {
        "Coctane": [
            0.0,
            0.3197920835987586,
            0.3214038690297814,
            0.3335982603121466,
            0.36087202461128903,
            0.38151589839472644,
            0.39652528230575695,
            0.4048448262877144,
            0.4192757937253948,
            0.4349988973548802,
            0.44489789043312,
            0.4362851600020303,
            0.46069053328654674,
            0.4521285360456218,
            0.46021290907279355
        ],
        "time": [
            0.0,
            1000.0,
            2000.0,
            3000.0,
            4000.0,
            5000.0,
            6000.0,
            7000.0,
            8000.0,
            9000.0,
            10000.0,
            11000.0,
            12000.0,
            13000.0,
            14000.0
        ],
        "units": "Angstroms^2, fs"
    },
    "RDF": {
        "Coctane-Coctane": [
            0.0,
            0.0,
            0.0,
            0.0,
            0.0,
            0.0,
            0.0,
            0.0,
            0.0,
            0.0,
            0.0,
            0.0,
            0.0,
            0.0,
            0.0,
            0.0,
            0.0,
            0.0,
            0.0,
            0.0,
            0.0,
            0.0,
            0.0,
            0.0,
            0.0,
            0.0,
            0.0,
            0.0,
            0.0,
            0.0,
            0.0,
            0.013601014573871651,
            0.02557840022707911,
            0.060239787732026706,
            0.09663937212324807,
            0.13433100813700397,
            0.22890239282834393,
            0.3279313873988335,
            0.42121117060332053,
            0.47440338833664325,
            0.5882499485893902,
            0.6750544376256299,
            0.7419430686744136,
            0.9064345580471157,
            1.0626120067669567,
            1.1650078872802883,
            1.1254177672569288,
            1.0941260612758976,
            1.1282327657846185,
            1.1309080405999397,
            1.0682522357812736,
            1.1202729163804344,
            1.1056670986019013,
            1.0698718514733827,
            1.077362217564572,
            1.0214639516703612,
            1.1145380486757737,
            1.0164049511756075,
            0.9602370990160005,
            0.9613801590349103,
            0.9226320060947026,
            0.8768054681378737,
            0.7912918814013232,
            0.819461128075767,
            0.9131125637513721,
            0.8984413079761537,
            0.8578607401175595,
            0.9005848265937992,
            0.8746700773303354,
            0.8612273456865931,
            0.8730550882506816,
            0.9336005065521776,
            0.9042773254984091,
            0.9016210917516436,
            0.9483038413788216,
            0.9524477795774943,
            0.9090772243971075,
            0.9282670091285135,
            0.9160733341060883,
            0.946630614341467,
            0.9382606316492762,
            0.95487051513982,
            0.8966205781153096,
            0.8931641316537938,
            0.900223387867407,
            0.9792142023114088,
            1.0239952121823501,
            1.0638016688191845,
            1.104208009600908,
            1.1313894829331026,
            1.1100241141897622,
            1.1386800254208467,
            1.1795408731147705,
            1.1624588282240687,
            1.1373432118256013,
            1.1591086864621734,
            1.0998073249301648,
            1.0615249158796154,
            1.0465828759579867,
            0.977009840493667,
            0.9871128655813183,
            1.0053351241500457,
            0.9622785117382856,
            0.9631771740834079,
            0.9594457925177372,
            1.0170401955189012,
            0.9896035954567963,
            1.0221097152468925,
            1.0087165384897028,
            1.0267169851149553,
            0.9981274709502603,
            0.9903759183586546,
            0.990376266165657,
            0.9666474229861036,
            0.967812201953071,
            0.9548203334618104,
            0.9538296435763598,
            0.9087243796417047,
            0.960886083496981,
            0.9526755097076324,
            0.9388964017237345,
            0.9787759415568549,
            0.9946855546961438,
            1.0221848871834613,
            1.0014385683657394,
            1.057102790563852,
            1.0543370900719218,
            1.033252075908812,
            1.064581594307788,
            1.0717535100709923,
            1.081017927061044,
            1.068297871984101,
            1.038515005952128,
            1.0940439185676472,
            1.0519132882522226,
            1.035371351644209,
            1.0277320533458223,
            1.0202046470533594,
            1.035132875852886,
            1.0186216171961477,
            1.0178848526762017,
            0.9604296678896935,
            0.9923359827742257,
            0.9584517430575233,
            0.9734302734028871,
            0.9480537567183466,
            0.9342321588145132,
            0.9359564506758952,
            0.9883644891762545,
            0.9811106975100733,
            0.9550261285521816,
            1.0030842438081966,
            1.0060788252331572,
            1.0309335060911642,
            0.9892684504973762,
            0.9617464296180437,
            1.009992173151636,
            0.9860899013596292,
            0.9762043341916137,
            0.9515269795880608,
            0.9682205524635439,
            0.9666525681839121,
            0.9794655285795435,
            0.9701463720794212,
            0.9735139126426309,
            0.972434043006683,
            1.008764266404749,
            1.0187499170161642,
            0.9999024373422921,
            0.9934745792765843,
            0.9914149351788988,
            0.9860404551640605,
            0.9946841090343906,
            0.9892640178787708,
            1.030971560486604,
            0.9914127978640328,
            1.0398123030548265,
            1.0096997603715308,
            1.0253995949214305,
            1.0542297518592076,
            1.0319849207028844,
            1.01415839523701,
            1.0253546139402698,
            1.0072464025444159,
            1.0279243453944833,
            1.0173036813518856,
            0.9947032718065236,
            0.9902573001108761
        ],